,Brand Name,Smartphone Name,Colour,RAM,Storage(ROM),Primary Camera,Secondary Camera,Display Size,Display Resolution,Processor,Processor Core,Battery Capacity,Price,Product URL
0,Pixel 4a,"Google Pixel 4a (Just Black, 128 GB)  (6 GB RAM)",Just Black,6 GB,128 GB,12.2MP Rear Camera,8MP Front Camera,14.76 cm (5.81 inch),2340 x 1080 Pixels,Qualcomm Snapdragon 730G,Octa Core,3140 mAh,"₹31,999",https://www.flipkart.com/google-pixel-4a-just-black-128-gb/p/itm023b9677aa45d?pid=MOBFUSBNAZGY7HQU&lid=LSTMOBFUSBNAZGY7HQUWHTF0C&marketplace=FLIPKART&q=pixel&store=tyy%2F4io&srno=s_1_1&otracker=search&otracker1=search&fm=SEARCH&iid=79e90e82-b023-43fc-b55d-15124ca2bb58.MOBFUSBNAZGY7HQU.SEARCH&ppt=hp&ppn=homepage&ssid=7u3gvepub40000001619423174790&qH=ab4086ecd47c568d
1,Pixel 3a,"Google Pixel 3a (Clearly White, 64 GB)  (4 GB RAM)",Clearly White,4 GB,64 GB,12.2MP Rear Camera,8MP Front Camera,14.22 cm (5.6 inch),2220 x 1080 pixels,Qualcomm Snapdragon 670,Octa Core,3000 mAh,"₹39,999",https://www.flipkart.com/google-pixel-3a-clearly-white-64-gb/p/itmfgk4jfgstaack?pid=MOBFFGFPJSCEXMSG&lid=LSTMOBFFGFPJSCEXMSGODGRZE&marketplace=FLIPKART&q=pixel&store=tyy%2F4io&srno=s_1_2&otracker=search&otracker1=search&fm=SEARCH&iid=79e90e82-b023-43fc-b55d-15124ca2bb58.MOBFFGFPJSCEXMSG.SEARCH&ppt=hp&ppn=homepage&ssid=7u3gvepub40000001619423174790&qH=ab4086ecd47c568d
2,Redmi 9 Prime,"Redmi 9 Prime (Matte Black, 64 GB)  (4 GB RAM)",Matte Black,4 GB,64 GB,13MP Rear Camera,8MP Front Camera,16.59 cm (6.53 inch),2340 x 1080 Pixels,MediaTek Helio G80,Octa Core,5020 mAh,"₹9,999",https://www.flipkart.com/redmi-9-prime-matte-black-64-gb/p/itmbaf295a5663c2?pid=MOBFUSCC57HCZGKG&lid=LSTMOBFUSCC57HCZGKGQ6TSNL&marketplace=FLIPKART&q=pixel&store=tyy%2F4io&srno=s_1_3&otracker=search&otracker1=search&fm=SEARCH&iid=79e90e82-b023-43fc-b55d-15124ca2bb58.MOBFUSCC57HCZGKG.SEARCH&ppt=hp&ppn=homepage&ssid=7u3gvepub40000001619423174790&qH=ab4086ecd47c568d
3,9 Power,"REDMI 9 Power (Blazing Blue, 64 GB)  (4 GB RAM)",Blazing Blue,4 GB,64 GB,48MP Rear Camera,8MP Front Camera,16.59 cm (6.53 inch),2340 x 1080$$pixel,Qualcomm Snapdragon 662,Octa Core,6000 mAh,"₹10,499",https://www.flipkart.com/redmi-9-power-blazing-blue-64-gb/p/itm9533b02ba34ef?pid=MOBFYZ7HHGJUATYD&lid=LSTMOBFYZ7HHGJUATYDFYZRIS&marketplace=FLIPKART&q=pixel&store=tyy%2F4io&srno=s_1_4&otracker=search&otracker1=search&fm=SEARCH&iid=79e90e82-b023-43fc-b55d-15124ca2bb58.MOBFYZ7HHGJUATYD.SEARCH&ppt=hp&ppn=homepage&ssid=7u3gvepub40000001619423174790&qH=ab4086ecd47c568d
4,9 Power,"REDMI 9 Power (Electric Green, 64 GB)  (4 GB RAM)",Electric Green,4 GB,64 GB,48MP Rear Camera,8MP Front Camera,16.59 cm (6.53 inch),2340 x 1080$$pixel,Qualcomm Snapdragon 662,Octa Core,6000 mAh,"₹10,499",https://www.flipkart.com/redmi-9-power-electric-green-64-gb/p/itmca7d78e222ed7?pid=MOBFYZ7AVAXXB2TH&lid=LSTMOBFYZ7AVAXXB2THVSNL0U&marketplace=FLIPKART&q=pixel&store=tyy%2F4io&srno=s_1_5&otracker=search&otracker1=search&fm=SEARCH&iid=79e90e82-b023-43fc-b55d-15124ca2bb58.MOBFYZ7AVAXXB2TH.SEARCH&ppt=hp&ppn=homepage&ssid=7u3gvepub40000001619423174790&qH=ab4086ecd47c568d
5,9 Power,"REDMI 9 Power (Mighty Black, 64 GB)  (4 GB RAM)",Mighty Black,4 GB,64 GB,48MP Rear Camera,8MP Front Camera,16.59 cm (6.53 inch),2340 x 1080$$pixel,Qualcomm Snapdragon 662,Octa Core,6000 mAh,"₹10,499",https://www.flipkart.com/redmi-9-power-mighty-black-64-gb/p/itm481ab234a6553?pid=MOBFYZ94UWPWQRNF&lid=LSTMOBFYZ94UWPWQRNFD8SF5T&marketplace=FLIPKART&q=pixel&store=tyy%2F4io&srno=s_1_6&otracker=search&otracker1=search&fm=SEARCH&iid=79e90e82-b023-43fc-b55d-15124ca2bb58.MOBFYZ94UWPWQRNF.SEARCH&ppt=hp&ppn=homepage&ssid=7u3gvepub40000001619423174790&qH=ab4086ecd47c568d
6,Note 9,"REDMI Note 9 (Arctic White, 64 GB)  (4 GB RAM)",Arctic White,4 GB,64 GB,48MP Rear Camera,-,16.59 cm (6.53 inch),2340 x 1080$$pixel,MediaTek Helio G85,Octa Core,5020 mAh,"₹10,999",https://www.flipkart.com/redmi-note-9-arctic-white-64-gb/p/itmb8d1f586be409?pid=MOBFU3ZFXMWJCSHP&lid=LSTMOBFU3ZFXMWJCSHPXQ6FTB&marketplace=FLIPKART&q=pixel&store=tyy%2F4io&srno=s_1_7&otracker=search&otracker1=search&fm=SEARCH&iid=79e90e82-b023-43fc-b55d-15124ca2bb58.MOBFU3ZFXMWJCSHP.SEARCH&ppt=hp&ppn=homepage&ssid=7u3gvepub40000001619423174790&qH=ab4086ecd47c568d
7,Note 9,"REDMI Note 9 (Aqua Green, 64 GB)  (4 GB RAM)",Aqua Green,4 GB,64 GB,48MP Rear Camera,-,16.59 cm (6.53 inch),2340 x 1080$$pixel,MediaTek Helio G85,Octa Core,5020 mAh,"₹10,999",https://www.flipkart.com/redmi-note-9-aqua-green-64-gb/p/itmd68d55dd61edf?pid=MOBFU3ZFAB7VQJHY&lid=LSTMOBFU3ZFAB7VQJHY14W4ET&marketplace=FLIPKART&q=pixel&store=tyy%2F4io&srno=s_1_8&otracker=search&otracker1=search&fm=SEARCH&iid=79e90e82-b023-43fc-b55d-15124ca2bb58.MOBFU3ZFAB7VQJHY.SEARCH&ppt=hp&ppn=homepage&ssid=7u3gvepub40000001619423174790&qH=ab4086ecd47c568d
8,9 Power,"REDMI 9 Power (Mighty Black, 128 GB)  (6 GB RAM)",Mighty Black,6 GB,128 GB,48MP Rear Camera,8MP Front Camera,16.59 cm (6.53 inch),2340 x 1080$$pixel,Qualcomm® Snapdragon™ 662,Octa Core,6000 mAh,"₹12,999",https://www.flipkart.com/redmi-9-power-mighty-black-128-gb/p/itm74c84b4084cc5?pid=MOBGYMD9AVZZH9WX&lid=LSTMOBGYMD9AVZZH9WXVMYAUI&marketplace=FLIPKART&q=pixel&store=tyy%2F4io&srno=s_1_9&otracker=search&otracker1=search&fm=SEARCH&iid=79e90e82-b023-43fc-b55d-15124ca2bb58.MOBGYMD9AVZZH9WX.SEARCH&ppt=hp&ppn=homepage&ssid=7u3gvepub40000001619423174790&qH=ab4086ecd47c568d
9,9 Power,"REDMI 9 Power (Fiery Red, 64 GB)  (4 GB RAM)",Fiery Red,4 GB,64 GB,48MP Rear Camera,8MP Front Camera,16.59 cm (6.53 inch),2340 x 1080$$pixel,Qualcomm Snapdragon 662,Octa Core,6000 mAh,"₹10,499",https://www.flipkart.com/redmi-9-power-fiery-red-64-gb/p/itmcd78b9bc04aa9?pid=MOBFYZF8XVSHPK5M&lid=LSTMOBFYZF8XVSHPK5MMUYMJE&marketplace=FLIPKART&q=pixel&store=tyy%2F4io&srno=s_1_10&otracker=search&otracker1=search&fm=SEARCH&iid=79e90e82-b023-43fc-b55d-15124ca2bb58.MOBFYZF8XVSHPK5M.SEARCH&ppt=hp&ppn=homepage&ssid=7u3gvepub40000001619423174790&qH=ab4086ecd47c568d
10,Note 9,"REDMI Note 9 (Shadow Black, 64 GB)  (4 GB RAM)",Shadow Black,4 GB,64 GB,48MP Rear Camera,-,16.59 cm (6.53 inch),2340 x 1080$$pixel,MediaTek Helio G85,Octa Core,5020 mAh,"₹10,999",https://www.flipkart.com/redmi-note-9-shadow-black-64-gb/p/itm70628269ecd57?pid=MOBFXEPZM4DX89AQ&lid=LSTMOBFXEPZM4DX89AQLO98VX&marketplace=FLIPKART&q=pixel&store=tyy%2F4io&srno=s_1_11&otracker=search&otracker1=search&fm=SEARCH&iid=79e90e82-b023-43fc-b55d-15124ca2bb58.MOBFXEPZM4DX89AQ.SEARCH&ppt=hp&ppn=homepage&ssid=7u3gvepub40000001619423174790&qH=ab4086ecd47c568d
11,Redmi 9,"Redmi 9 (Sporty Orange, 64 GB)  (4 GB RAM)",Sporty Orange,4 GB,64 GB,13MP + 8MP,5MP Front Camera,16.59 cm (6.53 inch),720 x 1600$$pixel,MediaTek Helio G35,-,5000 mAh,"₹9,169",https://www.flipkart.com/redmi-9-sporty-orange-64-gb/p/itm4fb151383983b?pid=MOBFV5FPCJC9ZKRB&lid=LSTMOBFV5FPCJC9ZKRBZGOLK2&marketplace=FLIPKART&q=pixel&store=tyy%2F4io&srno=s_1_12&otracker=search&otracker1=search&fm=SEARCH&iid=79e90e82-b023-43fc-b55d-15124ca2bb58.MOBFV5FPCJC9ZKRB.SEARCH&ppt=hp&ppn=homepage&ssid=7u3gvepub40000001619423174790&qH=ab4086ecd47c568d
12,Redmi 9,"Redmi 9 (Sky Blue, 64 GB)  (4 GB RAM)",Sky Blue,4 GB,64 GB,13MP + 2MP,5MP Front Camera,16.59 cm (6.53 inch),720 x 1600$$pixel,MediaTek Helio G35,-,5000 mAh,"₹9,087",https://www.flipkart.com/redmi-9-sky-blue-64-gb/p/itm4fb151383983b?pid=MOBFV5FPUS8UHG9H&lid=LSTMOBFV5FPUS8UHG9HGCMHLK&marketplace=FLIPKART&q=pixel&store=tyy%2F4io&srno=s_1_13&otracker=search&otracker1=search&fm=SEARCH&iid=79e90e82-b023-43fc-b55d-15124ca2bb58.MOBFV5FPUS8UHG9H.SEARCH&ppt=hp&ppn=homepage&ssid=7u3gvepub40000001619423174790&qH=ab4086ecd47c568d
13,Redmi 9,"Redmi 9 (Carbon Black, 64 GB)  (4 GB RAM)",Carbon Black,4 GB,64 GB,13MP + 2MP,5MP Front Camera,16.59 cm (6.53 inch),720 x 1600$$pixel,MediaTek Helio G35,Octa Core,5000 mAh,"₹9,020",https://www.flipkart.com/redmi-9-carbon-black-64-gb/p/itm4fb151383983b?pid=MOBFVHMPGATFZXWR&lid=LSTMOBFVHMPGATFZXWRBGGDTD&marketplace=FLIPKART&q=pixel&store=tyy%2F4io&srno=s_1_14&otracker=search&otracker1=search&fm=SEARCH&iid=79e90e82-b023-43fc-b55d-15124ca2bb58.MOBFVHMPGATFZXWR.SEARCH&ppt=hp&ppn=homepage&ssid=7u3gvepub40000001619423174790&qH=ab4086ecd47c568d
14,X744,Micromax X744  (Green),Green,32 MB,32 MB,0.3MP Rear Camera,-,6.1 cm (2.4 inch),240 x 320$$pixel,-,-,2200 mAh,"₹1,235",https://www.flipkart.com/micromax-x744/p/itm47259ee72446a?pid=MOBFSXGY6FWJESYY&lid=LSTMOBFSXGY6FWJESYYGJMLFT&marketplace=FLIPKART&q=pixel&store=tyy%2F4io&srno=s_1_15&otracker=search&otracker1=search&fm=SEARCH&iid=79e90e82-b023-43fc-b55d-15124ca2bb58.MOBFSXGY6FWJESYY.SEARCH&ppt=hp&ppn=homepage&ssid=7u3gvepub40000001619423174790&qH=ab4086ecd47c568d
15,KX3,"KARBONN KX3  (Black,Red)","Black,Red",32 MB,32 MB,0.3MP Rear Camera,-,4.57 cm (1.8 inch),128 x 160$$pixel,-,-,800 mAh,₹870,https://www.flipkart.com/karbonn-kx3/p/itm60cf67471b066?pid=MOBFKVM39K9MDYFV&lid=LSTMOBFKVM39K9MDYFVQ1TN2Y&marketplace=FLIPKART&q=pixel&store=tyy%2F4io&srno=s_1_16&otracker=search&otracker1=search&fm=SEARCH&iid=79e90e82-b023-43fc-b55d-15124ca2bb58.MOBFKVM39K9MDYFV.SEARCH&ppt=hp&ppn=homepage&ssid=7u3gvepub40000001619423174790&qH=ab4086ecd47c568d
16,Y20G,"ViVO Y20G (Purist Blue, 128 GB)  (6 GB RAM)",Purist Blue,6 GB,128 GB,13MP Rear Camera,-,16.54 cm (6.51 inch),1600 x 720$$pixel,-,Octa Core,5000 mAh,"₹14,990",https://www.flipkart.com/vivo-y20g-purist-blue-128-gb/p/itm4f2cd46459e6c?pid=MOBFZX2GY4KVY6FU&lid=LSTMOBFZX2GY4KVY6FUYQKFLC&marketplace=FLIPKART&q=pixel&store=tyy%2F4io&srno=s_1_17&otracker=search&otracker1=search&fm=SEARCH&iid=79e90e82-b023-43fc-b55d-15124ca2bb58.MOBFZX2GY4KVY6FU.SEARCH&ppt=hp&ppn=homepage&ssid=7u3gvepub40000001619423174790&qH=ab4086ecd47c568d
17,Redmi 9A,"Redmi 9A (SeaBlue, 32 GB)  (2 GB RAM)",SeaBlue,2 GB,32 GB,13MP Rear Camera,-,16.59 cm (6.53 inch),720 x 1600$$pixel,-,Octa Core,5000 mAh,"₹7,439",https://www.flipkart.com/redmi-9a-seablue-32-gb/p/itmeabd39a0cd669?pid=MOBFVD9ZGTYR2WGR&lid=LSTMOBFVD9ZGTYR2WGRRUHRWS&marketplace=FLIPKART&q=pixel&store=tyy%2F4io&srno=s_1_18&otracker=search&otracker1=search&fm=SEARCH&iid=79e90e82-b023-43fc-b55d-15124ca2bb58.MOBFVD9ZGTYR2WGR.SEARCH&ppt=hp&ppn=homepage&ssid=7u3gvepub40000001619423174790&qH=ab4086ecd47c568d
18,Redmi 9A,"Redmi 9A (Nature Green, 32 GB)  (2 GB RAM)",Nature Green,2 GB,32 GB,13MP Rear Camera,-,16.59 cm (6.53 inch),720 x 1600$$pixel,-,Octa Core,5000 mAh,"₹7,275",https://www.flipkart.com/redmi-9a-nature-green-32-gb/p/itmeabd39a0cd669?pid=MOBFVDA5QCGNZKH9&lid=LSTMOBFVDA5QCGNZKH9GJYHRN&marketplace=FLIPKART&q=pixel&store=tyy%2F4io&srno=s_1_19&otracker=search&otracker1=search&fm=SEARCH&iid=79e90e82-b023-43fc-b55d-15124ca2bb58.MOBFVDA5QCGNZKH9.SEARCH&ppt=hp&ppn=homepage&ssid=7u3gvepub40000001619423174790&qH=ab4086ecd47c568d
19,Redmi 9A,"Redmi 9A (Midnight Black, 32 GB)  (2 GB RAM)",Midnight Black,2 GB,32 GB,13MP Rear Camera,-,16.59 cm (6.53 inch),720 x 1600$$pixel,-,Octa Core,5000 mAh,"₹7,379",https://www.flipkart.com/redmi-9a-midnight-black-32-gb/p/itmeabd39a0cd669?pid=MOBFVDA2RWTCFBHZ&lid=LSTMOBFVDA2RWTCFBHZHWO8ZB&marketplace=FLIPKART&q=pixel&store=tyy%2F4io&srno=s_1_20&otracker=search&otracker1=search&fm=SEARCH&iid=79e90e82-b023-43fc-b55d-15124ca2bb58.MOBFVDA2RWTCFBHZ.SEARCH&ppt=hp&ppn=homepage&ssid=7u3gvepub40000001619423174790&qH=ab4086ecd47c568d
20,M01 core,"SAMSUNG M01 core (Black, 16 GB)  (1 GB RAM)",Black,1 GB,16 GB,8MP Rear Camera,5MP Front Camera,13.46 cm (5.3 inch),1480 x 720$$pixel,MediaTek | MT6739WW quad core ,Octa Core,3000 mAh,"₹5,540",https://www.flipkart.com/samsung-m01-core-black-16-gb/p/itmcc59efe93b40b?pid=MOBFUAEBGZKRFGHX&lid=LSTMOBFUAEBGZKRFGHXXLCQJR&marketplace=FLIPKART&q=pixel&store=tyy%2F4io&srno=s_1_21&otracker=search&otracker1=search&fm=SEARCH&iid=79e90e82-b023-43fc-b55d-15124ca2bb58.MOBFUAEBGZKRFGHX.SEARCH&ppt=hp&ppn=homepage&ssid=7u3gvepub40000001619423174790&qH=ab4086ecd47c568d
21,M01 core,"SAMSUNG M01 core (Blue, 32 GB)  (2 GB RAM)",Blue,2 GB,32 GB,8MP Rear Camera,5MP Front Camera,13.46 cm (5.3 inch),1480 x 720$$pixel,MediaTek | MT6739WW quad core ,Octa Core,3000 mAh,"₹6,198",https://www.flipkart.com/samsung-m01-core-blue-32-gb/p/itm4af92173df3c8?pid=MOBFUAEBY34F3GYV&lid=LSTMOBFUAEBY34F3GYVKDM9TL&marketplace=FLIPKART&q=pixel&store=tyy%2F4io&srno=s_1_22&otracker=search&otracker1=search&fm=SEARCH&iid=79e90e82-b023-43fc-b55d-15124ca2bb58.MOBFUAEBY34F3GYV.SEARCH&ppt=hp&ppn=homepage&ssid=7u3gvepub40000001619423174790&qH=ab4086ecd47c568d
22,9 Power,"REDMI 9 Power (Blazing Blue, 128 GB)  (4 GB RAM)",Blazing Blue,4 GB,128 GB,48MP Rear Camera,8MP Front Camera,16.59 cm (6.53 inch),2340 x 1080$$pixel,Qualcomm Snapdragon 662,Octa Core,6000 mAh,"₹11,999",https://www.flipkart.com/redmi-9-power-blazing-blue-128-gb/p/itmf0c8cd89e7e6e?pid=MOBFYZDHSQG5GA4M&lid=LSTMOBFYZDHSQG5GA4M7GAFRX&marketplace=FLIPKART&q=pixel&store=tyy%2F4io&srno=s_1_23&otracker=search&otracker1=search&fm=SEARCH&iid=79e90e82-b023-43fc-b55d-15124ca2bb58.MOBFYZDHSQG5GA4M.SEARCH&ppt=hp&ppn=homepage&ssid=7u3gvepub40000001619423174790&qH=ab4086ecd47c568d
23,VISION1,"Itel VISION1 (GRADATION GREEN, 32 GB)  (2 GB RAM)",GRADATION GREEN,2 GB,32 GB,8MP Rear Camera,5MP Front Camera,15.46 cm (6.088 inch),1560 x 720$$pixel,UNISOC SC9863A OCTA CORE,Octa Core,4000 mAh,"₹6,699",https://www.flipkart.com/itel-vision1-gradation-green-32-gb/p/itmabec72dce88ad?pid=MOBFV6FGB3MXFQN4&lid=LSTMOBFV6FGB3MXFQN4VPWZDQ&marketplace=FLIPKART&q=pixel&store=tyy%2F4io&srno=s_1_24&otracker=search&otracker1=search&fm=SEARCH&iid=79e90e82-b023-43fc-b55d-15124ca2bb58.MOBFV6FGB3MXFQN4.SEARCH&ppt=hp&ppn=homepage&ssid=7u3gvepub40000001619423174790&qH=ab4086ecd47c568d
